{
  "project_info": {
    "project_number": "417536223925",
    "project_id": "onawadeco",
    "storage_bucket": "onawadeco.appspot.com"
  },
  "client": [
    {
      "client_info": {
        "mobilesdk_app_id": "1:417536223925:android:08f33e7327bfb94a32ecfc",
        "android_client_info": {
          "package_name": "com.example.onawa_deco"
        }
      },
      "oauth_client": [
        {
          "client_id": "417536223925-d7ct2bp434a5ohvud2fbtipdmt8mo9vj.apps.googleusercontent.com",
          "client_type": 3
        }
      ],
      "api_key": [
        {
          "current_key": "AIzaSyAamIVeRlbj2xplylIGxyEW9RLNkF7pb1s"
        }
      ],
      "services": {
        "appinvite_service": {
          "other_platform_oauth_client": [
            {
              "client_id": "417536223925-d7ct2bp434a5ohvud2fbtipdmt8mo9vj.apps.googleusercontent.com",
              "client_type": 3
            }
          ]
        }
      }
    }
  ],
  "configuration_version": "1"
}